id,title,description,availability,condition,price,link,image_link,brand,google_product_category,fb_product_category
"1978058e-d64c-45eb-b954-9d361ba0f0f8","Velisqa Silver-Tone Crystal Necklace for Women – Sparkling Round Pendant Chain Necklace","Bring effortless sparkle to your look with the Velisqa Silver-Tone Crystal Necklace for Women. Featuring multiple round crystal-inspired stones arranged along a delicate necklace design, this piece creates an elegant halo-style effect that catches the light beautifully. Its refined silver-tone finish makes it easy to pair with dresses, party wear, festive outfits and evening looks. A sophisticated jewellery piece for women who want a delicate yet eye-catching statement necklace.  Keywords: silver necklace for women, crystal necklace, necklace for women, pendant necklace, sparkling necklace, party wear jewellery.","in stock","new","629 INR","https://www.velisqa.com/product/1978058e-d64c-45eb-b954-9d361ba0f0f8","https://res.cloudinary.com/dyshhpbhf/image/upload/v1787925162/velisqa/products/ob8fkqbt79yth0apkdqu.png","Velisqa","Apparel & Accessories > Jewelry","Jewelry"
"a6f24a34-3afa-42b5-8adb-f5c4418275e7","Velisqa Gold-Tone Bangle Bracelet for Women – Multi-Loop Twisted Design Statement Bracelet","Add a sophisticated layer to your jewellery collection with the Velisqa Gold-Tone Multi-Loop Bangle Bracelet. Designed with flowing overlapping bands and a distinctive twisted chain-detail accent, this statement bracelet combines contemporary styling with an elegant gold-tone finish. The sculptural design makes it a standout accessory for parties, festive occasions, dinners and special events, while its versatile look can also complement everyday outfits.","in stock","new","599 INR","https://www.velisqa.com/product/a6f24a34-3afa-42b5-8adb-f5c4418275e7","https://res.cloudinary.com/dyshhpbhf/image/upload/v1787925017/velisqa/products/ddcmrnyvxhbyrt7pvrxg.png","Velisqa","Apparel & Accessories > Jewelry","Jewelry"
"6fbd8bd1-0edc-4d05-93a7-b70bd6a1499e","Velisqa Gold-Tone Bangle Bracelet for Women – Minimalist Open Crossover Statement Bracelet","Make a refined statement with the Velisqa Gold-Tone Bangle Bracelet for Women. Featuring a sleek open-crossover silhouette with smooth sculpted curves, this bracelet brings a contemporary finish to any outfit. Its clean design makes it easy to wear on its own or stack with other bracelets and bangles. Perfect for everyday styling, parties, dinners, festive occasions and modern ethnic or western looks.","in stock","new","599 INR","https://www.velisqa.com/product/6fbd8bd1-0edc-4d05-93a7-b70bd6a1499e","https://res.cloudinary.com/dyshhpbhf/image/upload/v1787924855/velisqa/products/ttajtivmwya1vqvnawyo.png","Velisqa","Apparel & Accessories > Jewelry","Jewelry"
"1d4e3a10-1fea-456c-84ee-a8e675a3a8c2","Velisqa Gold-Tone Stud Earrings for Women","Elevate your everyday style with Velisqa Gold-Tone Stud Earrings featuring an elegant interwoven knot-inspired design. The layered, rounded structure gives these earrings a sophisticated and dimensional appearance, while the polished finish adds a refined shine. Their versatile design pairs effortlessly with casual outfits, office wear, dresses and occasion looks. A timeless choice for women looking for stylish statement stud earrings with a contemporary aesthetic.  Keywords: gold stud earrings, earrings for women, knot earrings, statement earrings, stylish earrings, women’s jewellery.","in stock","new","399 INR","https://www.velisqa.com/product/1d4e3a10-1fea-456c-84ee-a8e675a3a8c2","https://res.cloudinary.com/dyshhpbhf/image/upload/v1787924701/velisqa/products/z7wzn0och9birql5iguh.png","Velisqa","Apparel & Accessories > Jewelry","Jewelry"
"ad2b6c6d-d2d3-452b-b2a0-49456e7bfb4f","Velisqa Gold-Tone Stud Earrings for Women – Sculpted Floral Statement Earrings","Add a modern touch to your jewellery collection with Velisqa Gold-Tone Stud Earrings for Women. Designed with a sculpted floral-inspired silhouette and a smooth polished finish, these statement earrings create an elegant yet contemporary look. The bold rounded design makes them easy to style with both ethnic and western outfits, while their versatile appearance works beautifully for everyday wear, parties, dinners and special occasions. A stylish jewellery piece for women who love minimal yet distinctive accessories.","in stock","new","449 INR","https://www.velisqa.com/product/ad2b6c6d-d2d3-452b-b2a0-49456e7bfb4f","https://res.cloudinary.com/dyshhpbhf/image/upload/v1787924519/velisqa/products/is617xzxluorxp1eynb3.png","Velisqa","Apparel & Accessories > Jewelry","Jewelry"
"81eeaf34-3137-4449-956c-b14b5c3dddf4","Velisqa Silver Leaf Earrings for Women – Textured Leaf-Shaped Stud Earrings","Inspired by the natural beauty of leaves, these silver-tone stud earrings feature an elongated leaf silhouette with finely textured detailing. Their sleek organic shape adds a subtle statement to both everyday and occasion looks.  Highlights:  * Elegant leaf-inspired design * Detailed textured surface * Silver-tone finish * Stud-style fastening * Sophisticated minimalist aesthetic","in stock","new","459 INR","https://www.velisqa.com/product/81eeaf34-3137-4449-956c-b14b5c3dddf4","https://res.cloudinary.com/dyshhpbhf/image/upload/v1787924260/velisqa/products/ksgecj8gymxtthpxc2q4.png","Velisqa","Apparel & Accessories > Jewelry","Jewelry"
"794f7eec-8fa2-4ff9-aa2f-bcdecf2dfd51","Velisqa Gold Heart Necklace for Women – Minimalist Open Heart Pendant Chain Necklace","Keep it timeless with this elegant open-heart necklace. The polished heart-shaped pendant features a graceful overlapping detail at its centre, creating a refined symbol of love and connection. A delicate chain completes the minimalist look.  Highlights:  * Classic open-heart pendant * Polished gold-tone finish * Delicate fine chain * Minimal and versatile design * Ideal for everyday wear or gifting","in stock","new","399 INR","https://www.velisqa.com/product/794f7eec-8fa2-4ff9-aa2f-bcdecf2dfd51","https://res.cloudinary.com/dyshhpbhf/image/upload/v1787924099/velisqa/products/a4jzbfirvfgjnkx3yv6o.png","Velisqa","Apparel & Accessories > Jewelry","Jewelry"
"8bf79c81-62cf-4527-b0f1-c92434b2bbd9","Velisqa Gold Butterfly Necklace for Women – Minimalist Butterfly Pendant Chain Necklace","A delicate expression of transformation and elegance, this butterfly-inspired necklace features an open-frame pendant with gracefully curved detailing. Paired with a fine gold-tone chain, it creates a subtle yet distinctive look for everyday and occasion wear.  Highlights:  * Elegant butterfly-inspired pendant * Minimal open-frame design * Fine gold-tone chain * Lightweight and versatile * Perfect for layering or wearing solo","in stock","new","399 INR","https://www.velisqa.com/product/8bf79c81-62cf-4527-b0f1-c92434b2bbd9","https://res.cloudinary.com/dyshhpbhf/image/upload/v1787923956/velisqa/products/fadi6eysoeonwdhxn4gw.png","Velisqa","Apparel & Accessories > Jewelry","Jewelry"
"cb2a0828-0eb7-4c41-97df-be5f4195ea9b","Velisqa Gold Hoop Earrings for Women – Chunky Sculpted U-Shaped Statement Earrings","Make a statement with these sleek sculpted hoop earrings, featuring a smooth, fluid silhouette and polished gold-tone finish. Their contemporary shape adds a sophisticated edge while remaining versatile enough for everyday styling and special occasions.  Highlights:  * Modern sculpted hoop design * High-shine gold-tone finish * Secure stud-and-back closure * Easy to pair with casual or occasion wear * Elegant everyday statement piece","in stock","new","439 INR","https://www.velisqa.com/product/cb2a0828-0eb7-4c41-97df-be5f4195ea9b","https://res.cloudinary.com/dyshhpbhf/image/upload/v1787923800/velisqa/products/jkjvfspqtokyvbiwgoi1.png","Velisqa","Apparel & Accessories > Jewelry","Jewelry"
"1af3ccb6-95df-44fe-b825-903a591e6027","Velisqa Pearl Burst Stud Earrings for Women | Gold-Tone Pearl Cluster Earrings | Elegant Statement Jewelry","Add a sophisticated touch to your everyday style with these elegant Velisqa Pearl & Crystal Stud Earrings. Featuring lustrous white pearl accents, sparkling crystal details, and a refined gold-tone finish, the design offers a timeless yet contemporary look.  The earrings feature 925 sterling silver needles, making them a thoughtful choice for comfortable everyday wear. Their elegant design works beautifully with casual outfits, office looks, festive occasions, parties, and special events.  Key Features:  * 925 sterling silver needle * White pearl detailing * Sparkling crystal accents * Elegant gold-tone finish * Stylish circular design * Suitable for everyday and occasion wear * Ideal gift for women and girls","in stock","new","699 INR","https://www.velisqa.com/product/1af3ccb6-95df-44fe-b825-903a591e6027","https://res.cloudinary.com/dyshhpbhf/image/upload/v1787742130/velisqa/products/hbvh82wvup1bdtkldwj7.png","Velisqa","Apparel & Accessories > Jewelry","Jewelry"
"8d02baac-3219-4040-a052-c999ffc6ec1c","Velisqa Pearl & Crystal Hoop Stud Earrings for Women | Elegant Gold-Tone Pearl Earrings | Minimal Party & Everyday Jewelry","Add a refined touch to your look with the Velisqa Pearl & Crystal Hoop Stud Earrings. Designed with lustrous white pearl accents, sparkling crystal details, and a delicate gold-tone circular frame, these earrings combine classic elegance with a modern silhouette.  Perfect for elevating everyday outfits, office looks, festive wear, parties, and special occasions.  Features:  * Elegant circular hoop-inspired design * White pearl detailing * Sparkling crystal accents * Gold-tone finish * Lightweight and easy to style * Suitable for everyday and occasion wear * Ideal gift for women and girls","in stock","new","499 INR","https://www.velisqa.com/product/8d02baac-3219-4040-a052-c999ffc6ec1c","https://res.cloudinary.com/dyshhpbhf/image/upload/v1787741810/velisqa/products/hyliplwbqokhyoy0rwly.png","Velisqa","Apparel & Accessories > Jewelry","Jewelry"
"38ac1509-85ec-4ab2-980b-24d2c9d0636f","Velisqa Ivory Flower Stud Earrings for Women | Elegant Floral Statement Earrings | Minimal Everyday Fashion Jewelry","Bring a soft, feminine touch to your look with the Velisqa Ivory Flower Stud Earrings. Featuring a delicate four-petal floral design with a creamy ivory finish and sleek silver-tone edging, these earrings offer a clean and sophisticated aesthetic.  The floral silhouette adds a subtle statement while remaining easy to style with everyday outfits, office wear, dresses, and occasion looks.  Features:  * Elegant four-petal flower design * Creamy ivory-toned finish * Silver-tone detailing around the petals * Stylish statement stud silhouette * Feminine and sophisticated look * Suitable for everyday and occasion wear * Ideal gift for women and girls","in stock","new","399 INR","https://www.velisqa.com/product/38ac1509-85ec-4ab2-980b-24d2c9d0636f","https://res.cloudinary.com/dyshhpbhf/image/upload/v1787741343/velisqa/products/votog4prymkhfa3rgamx.png","Velisqa","Apparel & Accessories > Jewelry","Jewelry"
"60a524ef-1b00-431b-a29e-b223f5dc26ab","Velisqa Golden Floral Stud Earrings for Women | Elegant Round Flower Earrings | Minimal Everyday Fashion Jewelry","Add a soft, elegant touch to your jewellery collection with the Velisqa Golden Floral Stud Earrings. Featuring a beautiful flower-inspired design made with rounded translucent golden-toned petals, these earrings offer a feminine and sophisticated look.  The classic floral silhouette makes them versatile enough for everyday outfits, office wear, dresses, festive occasions, and special events. Their statement shape adds visual interest while keeping the overall look refined.  Features:  * Elegant floral-inspired design * Rounded translucent golden-toned detailing * Polished gold-tone finish * Stylish round stud silhouette * Feminine and sophisticated look * Suitable for everyday and occasion wear * Ideal gifting option for women and girls","in stock","new","449 INR","https://www.velisqa.com/product/60a524ef-1b00-431b-a29e-b223f5dc26ab","https://res.cloudinary.com/dyshhpbhf/image/upload/v1787741134/velisqa/products/hwkkjziydzlgttrsgjoo.png","Velisqa","Apparel & Accessories > Jewelry","Jewelry"
"e74e3b35-a98e-4c6a-ac57-70987c98bc68","Velisqa Golden Bow Stud Earrings for Women | Elegant Ribbon Bow Earrings | Minimal Everyday Fashion Jewelry","Add a graceful and feminine touch to your look with the Velisqa Golden Bow Stud Earrings. Designed with a sleek bow-inspired silhouette and polished gold-tone finish, these earrings offer a modern yet timeless style.  Their elegant shape makes them easy to pair with everyday outfits, office wear, dresses, and festive looks. A versatile jewellery piece for women and girls who prefer understated yet distinctive accessories.  Features:  * Elegant bow-inspired design * Polished gold-tone finish * Stylish stud-style earrings * Sleek and feminine silhouette * Easy to pair with casual and occasion outfits * Suitable for everyday and festive wear * Ideal gifting option for women and girls","in stock","new","449 INR","https://www.velisqa.com/product/e74e3b35-a98e-4c6a-ac57-70987c98bc68","https://res.cloudinary.com/dyshhpbhf/image/upload/f_auto,q_auto,w_2000/velisqa/products/ewgbrzyxkhx1lm4iaewq.png","Velisqa","Apparel & Accessories > Jewelry","Jewelry"
"94d882a1-bd96-4bb5-98c7-a84b3194fe0b","Velisqa Gold Pearl Knot Stud Earrings for Women | Elegant Woven Round Earrings | Minimal Everyday Fashion Jewelry","Add a refined touch to your jewellery collection with the Velisqa Gold Pearl Knot Stud Earrings. Featuring an intricate woven gold-tone design surrounding a lustrous pearl centre, these earrings combine classic elegance with a modern minimal aesthetic.  The compact stud style makes them easy to wear with everyday outfits, office looks, dresses, and festive ensembles. A versatile accessory that also makes an elegant gifting choice.  Features:  * Elegant woven knot-inspired design * Lustrous pearl centre * Gold-tone finish * Classic round stud silhouette * Minimal yet sophisticated look * Suitable for everyday, office and occasion wear * Ideal gift for women and girls","in stock","new","499 INR","https://www.velisqa.com/product/94d882a1-bd96-4bb5-98c7-a84b3194fe0b","https://res.cloudinary.com/dyshhpbhf/image/upload/v1787740813/velisqa/products/f9k91rj627iob3ovk1fd.png","Velisqa","Apparel & Accessories > Jewelry","Jewelry"
"916193da-7834-48e0-92c6-ea2af7d81664","Velisqa Golden Bow Pendant Necklace for Women | Elegant Double Bow Drop Necklace | Minimal Fashion Jewelry for Girls","Add a graceful finishing touch to your look with the Velisqa Golden Bow Pendant Necklace. Featuring a delicate gold-tone chain and a stylish double-bow drop design, this necklace brings a feminine and elegant feel to everyday outfits.  The layered bow detail gives the pendant a subtle statement look while keeping it easy to style. Perfect with dresses, tops, office wear, festive outfits, or as an elegant everyday accessory.  Features:  * Elegant double-bow pendant design * Gold-tone finish * Delicate, lightweight chain * Feminine and stylish aesthetic * Easy to pair with casual and occasion wear * Suitable for everyday styling * Ideal gift for women and girls","in stock","new","499 INR","https://www.velisqa.com/product/916193da-7834-48e0-92c6-ea2af7d81664","https://res.cloudinary.com/dyshhpbhf/image/upload/v1787740519/velisqa/products/t4ufdzitwpxttinjij3o.png","Velisqa","Apparel & Accessories > Jewelry","Jewelry"
"f59705e8-29f8-48cb-8d86-1349f7b07809","Velisqa Golden Tulip Pendant Necklace for Women | Elegant Floral Statement Necklace | Minimal Everyday Fashion Jewelry","Add a touch of elegance to your jewellery collection with the Velisqa Golden Tulip Pendant Necklace. Featuring a beautifully sculpted tulip-inspired pendant with a warm golden finish and delicate crystal accents on the leaves, this necklace creates a refined yet eye-catching look.  The floral design makes it easy to style with dresses, ethnic outfits, office wear, or casual looks. A versatile accessory for everyday wear, special occasions, and gifting.  Features:  * Elegant tulip-inspired floral pendant * Golden-tone finish * Delicate crystal detailing on the leaves * Refined and feminine design * Lightweight and comfortable for everyday styling * Suitable for casual, festive and occasion wear * Ideal gift for women and girls","in stock","new","449 INR","https://www.velisqa.com/product/f59705e8-29f8-48cb-8d86-1349f7b07809","https://res.cloudinary.com/dyshhpbhf/image/upload/f_auto,q_auto,w_2000/velisqa/products/tmdvtbduzz07i2qvhdsn.png","Velisqa","Apparel & Accessories > Jewelry","Jewelry"
"a8760ad2-fb01-48df-a707-0574ddc4d34a","Velisqa Gold Heart Pendant Necklace for Women | Minimal Pearl Heart Necklace | Elegant Everyday Fashion Jewelry","Add a delicate touch of elegance to your everyday look with the Velisqa Gold Heart Pendant Necklace. Featuring a polished gold-tone chain and a classic heart-shaped pendant with a pearly white centre, this necklace offers a timeless and feminine look.  Its minimal design makes it easy to style with casual outfits, office wear, dresses, and festive looks. A simple yet thoughtful accessory for everyday wear or gifting.  Features:  * Elegant heart-shaped pendant design * Gold-tone finish * Pearly white heart centre * Minimal and feminine styling * Lightweight for comfortable everyday wear * Suitable for casual, office and occasion wear * Ideal gift for women and girls","in stock","new","499 INR","https://www.velisqa.com/product/a8760ad2-fb01-48df-a707-0574ddc4d34a","https://res.cloudinary.com/dyshhpbhf/image/upload/v1787740000/velisqa/products/zivhoabmudfam2v8dc8z.png","Velisqa","Apparel & Accessories > Jewelry","Jewelry"
"c6f1176b-6aee-4d52-8cf8-ab057ac0d657","Velisqa Golden Green Heart Lariat Necklace for Women | Adjustable Minimal Pendant Necklace | Elegant Everyday Fashion Jewelry","Elevate your everyday style with the Velisqa Golden Green Heart Lariat Necklace, designed with a delicate gold-tone chain, an adjustable slider detail, and two faceted green heart-shaped charms. Its elegant drop silhouette adds a subtle statement to both casual and occasion outfits.  The minimal design makes it easy to pair with dresses, tops, ethnic wear, or office outfits. Lightweight and versatile, this necklace is also a thoughtful choice for birthdays, anniversaries, festive occasions, and gifting.  Features:  * Elegant gold-tone lariat necklace design * Faceted green heart-shaped charms * Adjustable slider for a flexible fit * Minimal and feminine aesthetic * Suitable for everyday wear and special occasions * Stylish gifting option for women and girls","in stock","new","549 INR","https://www.velisqa.com/product/c6f1176b-6aee-4d52-8cf8-ab057ac0d657","https://res.cloudinary.com/dyshhpbhf/image/upload/v1787739753/velisqa/products/luh1hoeytuwprlucoz7w.png","Velisqa","Apparel & Accessories > Jewelry","Jewelry"
"cc0e642e-d49b-4a87-8491-fa9ec0fa862f","Velisqa Blue Floral Bow Bracelet for Women | Elegant Gold-Tone Charm Bracelet | Stainless Steel Fashion Jewellery","Description: Add a touch of feminine charm to your everyday look with this elegant Velisqa floral bracelet. Designed with delicate blue flower motifs, sparkling leaf details and a beautiful blue crystal bow centerpiece, this gold-tone bracelet creates a graceful and eye-catching finish.  Perfect for everyday wear, parties, festive occasions, date nights and gifting, its lightweight design makes it comfortable to wear throughout the day. Pair it with ethnic or western outfits for an effortlessly stylish look.  Key Features:  * Elegant blue floral and bow-inspired design * Gold-tone finish for a sophisticated look * Lightweight and comfortable for everyday wear * Versatile styling for casual, festive and party outfits * Perfect gift for women and girls * Suitable for birthdays, anniversaries, Rakhi and special occasions","in stock","new","549 INR","https://www.velisqa.com/product/cc0e642e-d49b-4a87-8491-fa9ec0fa862f","https://res.cloudinary.com/dyshhpbhf/image/upload/f_auto,q_auto,w_2000/velisqa/products/asbazgrwdtfra63awrgg.png","Velisqa","Apparel & Accessories > Jewelry","Jewelry"
"45fbd92a-f4e3-4c80-866d-0810e35af8ca","Velisqa Pink Teardrop Pendant Necklace for Women | Double Layer Gold-Tone Chain with Elegant Pink Crystal Pendant | Minimal Fashion Jewellery for Girls","Add a soft touch of colour and elegance to your everyday style with the VELISQA Pink Teardrop Pendant Necklace. Featuring a delicate double-layer design, the necklace combines a fine chain with a sleek snake-style chain and a beautiful pink teardrop pendant.  The faceted pink pendant catches the light beautifully, while the layered golden design adds a modern, polished finish without looking overly heavy. Its minimal yet distinctive style makes it easy to pair with casual outfits, dresses, kurtis and occasion wear.  Perfect for everyday styling, date nights, dinners, celebrations and gifting, this necklace brings together contemporary design and feminine elegance in one versatile piece.","in stock","new","599 INR","https://www.velisqa.com/product/45fbd92a-f4e3-4c80-866d-0810e35af8ca","https://res.cloudinary.com/dyshhpbhf/image/upload/v1787732084/velisqa/products/ihkylcua35euopwciuvw.png","Velisqa","Apparel & Accessories > Jewelry","Jewelry"
"064e7151-307a-4907-81f1-e6be839e835d","VELISQA | Floral Pearl Necklace","Product Description  Add a delicate touch of floral elegance to your look with the VELISQA Floral Pearl Necklace. Designed with soft blue floral accents, pearl-inspired blooms and polished golden details, this necklace brings together a feminine aesthetic with a modern, effortless feel.  The graceful floral pattern makes it easy to style with a wide range of outfits, from everyday casual looks and dresses to kurtis, festive outfits and special-occasion wear. Its distinctive combination of blue, pearl and gold-toned details adds a subtle pop of colour while keeping the overall look elegant.  Whether you’re dressing up for a dinner, celebration or date night, or simply adding something special to your everyday style, this necklace is designed to complement your look effortlessly.","in stock","new","499 INR","https://www.velisqa.com/product/064e7151-307a-4907-81f1-e6be839e835d","https://res.cloudinary.com/dyshhpbhf/image/upload/f_auto,q_auto,w_2000/velisqa/products/ufmwapc92n8pwqbbvojb.png","Velisqa","Apparel & Accessories > Jewelry","Jewelry"
"8dc2d5b2-0e57-442a-9131-8dd31a16763f","Pink Crystal Pendant Necklace","A Soft Touch of Pink The faceted pink centerpiece catches the light beautifully, creating a delicate sparkle that stands out without looking overpowering.","in stock","new","650 INR","https://www.velisqa.com/product/8dc2d5b2-0e57-442a-9131-8dd31a16763f","https://res.cloudinary.com/dyshhpbhf/image/upload/v1786784077/velisqa/products/y3f33kkscfpbstzkwstk.png","Velisqa","Apparel & Accessories > Jewelry","Jewelry"
"9347d651-7ac7-4623-99c1-ea3b6ebe06d4","Pink stone pendant","Statement pendant on a fine chain with crystal accents that catch light beautifully in photos and live events. A go-to piece for festive dinners and mehendi functions. Adjustable length friendly for different necklines.","in stock","new","549 INR","https://www.velisqa.com/product/9347d651-7ac7-4623-99c1-ea3b6ebe06d4","https://res.cloudinary.com/dyshhpbhf/image/upload/f_auto,q_auto,w_2000/velisqa/products/xo297yg1yfwmdwqpithk.png","Velisqa","Apparel & Accessories > Jewelry","Jewelry"
"2ccfaf5e-8d74-4144-8d59-5b13c561db35","Black Stone Pendant Necklace","✦ Bold. Elegant. Timeless.  Make a statement with this sophisticated silver-tone pendant necklace, featuring a deep black rectangular centerpiece surrounded by a sparkling pavé-style halo.  ✦ Striking Black Centerpiece  The faceted black stone creates a dramatic contrast against the bright silver-tone setting, while the surrounding stones add refined brilliance without overpowering the design.  ✦ Designed for Effortless Styling  The clean rectangular silhouette works beautifully with both minimal everyday outfits and elevated evening looks. Wear it alone for a bold finish or layer it with finer chains.  Product Highlights  * Design: Rectangular black statement pendant * Center Stone: Deep black faceted stone * Border: Sparkling pavé-style stone detailing * Finish: Polished silver tone * Chain: Fine-link chain * Style: Bold • Elegant • Contemporary * Occasions: Everyday • Evening • Party • Gifting","in stock","new","599 INR","https://www.velisqa.com/product/2ccfaf5e-8d74-4144-8d59-5b13c561db35","https://res.cloudinary.com/dyshhpbhf/image/upload/v1786654178/velisqa/products/irzl0uomxji0ntxpqywe.png","Velisqa","Apparel & Accessories > Jewelry","Jewelry"
"335e89a0-f3e3-4295-a1b3-b99e3ed8df2d","Pink Crystal Pendant Necklace","✦ A Soft Statement of Elegance  A sophisticated gold-tone pendant necklace featuring a luminous blush-pink cushion-cut centerpiece framed by a halo of sparkling stones. Designed to add a refined pop of colour without looking excessive.  ✦ The Centerpiece  The faceted pink stone catches and reflects light beautifully, while the surrounding pavé-style stones add extra brilliance. The polished gold-tone setting gives the pendant a warm, luxurious finish.  ✦ Made to Stand Out  The classic cushion-shaped silhouette works effortlessly with both minimal and dressed-up looks. Wear it solo for an elegant statement or pair it with delicate chains for a layered aesthetic.  Product Highlights  * Design: Cushion-cut pink statement pendant * Stone: Pink faceted centerpiece * Setting: Sparkling pavé-style halo * Finish: Polished gold tone * Chain: Fine link chain * Style: Elegant • Feminine • Contemporary * Occasions: Everyday • Date Night • Party • Gifting","in stock","new","499 INR","https://www.velisqa.com/product/335e89a0-f3e3-4295-a1b3-b99e3ed8df2d","https://res.cloudinary.com/dyshhpbhf/image/upload/v1786653890/velisqa/products/ej9neinzouwm0vmumkgb.png","Velisqa","Apparel & Accessories > Jewelry","Jewelry"
"3dce9ea3-1210-4f58-bc5b-9680eb3c7396","Silver Pavé Pendant Necklace","A delicate silver-tone necklace designed to add subtle sparkle to your everyday look. The fine chain leads to a rectangular pavé-style pendant, creating a clean, modern statement without looking overdone.  ✦ Designed to Catch the Light  The pendant features a polished rectangular frame filled with closely arranged sparkling stones. Its reflective finish creates an elegant shimmer as it moves, making it easy to style from day to night.  ✦ Minimal. Versatile. Effortless.  Pair it with a casual tee, office wear, a dress, or evening outfits. The understated silhouette makes it suitable for layering or wearing solo.  Product Highlights  * Design: Rectangular pavé pendant * Finish: Polished silver tone * Chain: Fine-link chain * Look: Minimal & contemporary * Occasion: Everyday • Office • Date Night • Party * Ideal for: Personal styling & gifting","in stock","new","589 INR","https://www.velisqa.com/product/3dce9ea3-1210-4f58-bc5b-9680eb3c7396","https://res.cloudinary.com/dyshhpbhf/image/upload/f_auto,q_auto,w_2000/velisqa/products/hquuqqnswr76svlghcg5.png","Velisqa","Apparel & Accessories > Jewelry","Jewelry"
"050af298-275d-4c6c-b673-14201957fe75","Star Charm Necklace","Premium gold-plated stainless steel with a smooth, polished finish. The fine-link chain is lightweight and durable, complemented by multiple polished five-point star charms for a clean, elegant look.  Material: Stainless Steel Finish: Gold Plated Style: Star Charm Chain Look: Polished • Minimal • Elegant","in stock","new","549 INR","https://www.velisqa.com/product/050af298-275d-4c6c-b673-14201957fe75","https://res.cloudinary.com/dyshhpbhf/image/upload/f_auto,q_auto,w_2000/velisqa/products/wrxhkfaanhbgb54kq474.png","Velisqa","Apparel & Accessories > Jewelry","Jewelry"
"5481912d-d112-49c2-a983-e687a9693366","Ballerina Necklace","Velisqa Ballerina Pendant Necklace  Add an elegant touch to your everyday style with this delicate gold-tone ballerina pendant necklace. Featuring a graceful dancer silhouette adorned with sparkling pavé-style stones, the pendant adds a subtle yet eye-catching statement to any outfit.  Key Features  * Elegant ballerina-inspired pendant design * Sparkling stone detailing across the dress * Polished gold-tone finish * Lightweight and comfortable for everyday wear * Delicate chain for a refined, feminine look * Perfect for casual outfits, parties, dates, and gifting  Style: Minimal • Elegant • Feminine Occasion: Everyday • Party • Date Night • Gifting","in stock","new","599 INR","https://www.velisqa.com/product/5481912d-d112-49c2-a983-e687a9693366","https://res.cloudinary.com/dyshhpbhf/image/upload/f_auto,q_auto,w_2000/velisqa/products/t6edat2r59lhfvoq6hvz.png","Velisqa","Apparel & Accessories > Jewelry","Jewelry"
"a0187f38-b0da-4f9b-a611-0a6c5958c92b","Emerald Grace Ring","Elegant simplicity meets timeless charm. The Emerald Grace Ring features a brilliant emerald-green centerpiece set in a delicate geometric gold-tone band. Its minimalist design makes it perfect for everyday wear while adding a refined touch to any outfit.  Whether you’re dressing up for an occasion or elevating your daily look, this ring offers effortless sophistication.  ✨ Premium Gold-Tone Finish ✨ Emerald Green Center Stone ✨ Lightweight & Comfortable ✨ Elegant Minimal Design ✨ Adjustable Fit ✨ Perfect Gift for Her","in stock","new","599 INR","https://www.velisqa.com/product/a0187f38-b0da-4f9b-a611-0a6c5958c92b","https://res.cloudinary.com/dyshhpbhf/image/upload/f_auto,q_auto,w_2000/velisqa/products/r1np0rlbllb54jl0ajlk.png","Velisqa","Apparel & Accessories > Jewelry","Jewelry"
"ef79a9e1-053f-42c4-a551-d22068d5e2c3","Eternal Spark Solitaire Ring","Timeless, elegant, and effortlessly beautiful. The Eternal Spark Solitaire Ring features a brilliant round-cut centerpiece surrounded by a delicate pavé-set band, creating a luxurious look without the luxury price tag. Designed for modern women who love minimal elegance.  Perfect for everyday wear, date nights, anniversaries, gifting, and special occasions.  ✨ Premium Gold-Tone Finish ✨ Brilliant Solitaire Stone ✨ Adjustable & Comfortable Fit ✨ Lightweight Daily-Wear Design ✨ Elegant Gift for Someone Special ✨ Premium Sparkle & Finish","in stock","new","499 INR","https://www.velisqa.com/product/ef79a9e1-053f-42c4-a551-d22068d5e2c3","https://res.cloudinary.com/dyshhpbhf/image/upload/f_auto,q_auto,w_2000/velisqa/products/ampfickuhreyqt3vvzaz.png","Velisqa","Apparel & Accessories > Jewelry","Jewelry"
"09a91b97-a4c1-4ce7-a710-88a4e3add536","Celestia Trinity Ring","Add a touch of elegance to your everyday style with the Ruby Radiance Ring. Featuring a deep ruby-red centerpiece accented with sparkling stones on a premium gold-tone band, this ring is designed to stand out while remaining effortlessly classy. Perfect for daily wear, parties, gifting, and special occasions.  ✨ Premium Finish ✨ Adjustable Size – Fits Most Finger Sizes ✨ Lightweight & Comfortable ✨ Elegant Ruby-Inspired Stone ✨ Perfect Gift for Her ✨ Tarnish-Resistant Finish","in stock","new","399 INR","https://www.velisqa.com/product/09a91b97-a4c1-4ce7-a710-88a4e3add536","https://res.cloudinary.com/dyshhpbhf/image/upload/f_auto,q_auto,w_2000/velisqa/products/ck40kglyjcusrhfw5joa.png","Velisqa","Apparel & Accessories > Jewelry","Jewelry"
"7be10c79-b1db-4e2a-a14b-9890dd55d9f3","Celestia Trinity Ring","Add a touch of elegance to your everyday style with the Ruby Radiance Ring. Featuring a deep ruby-red centerpiece accented with sparkling stones on a premium gold-tone band, this ring is designed to stand out while remaining effortlessly classy. Perfect for daily wear, parties, gifting, and special occasions.  ✨ Premium Finish ✨ Adjustable Size – Fits Most Finger Sizes ✨ Lightweight & Comfortable ✨ Elegant Ruby-Inspired Stone ✨ Perfect Gift for Her ✨ Tarnish-Resistant Finish","in stock","new","389 INR","https://www.velisqa.com/product/7be10c79-b1db-4e2a-a14b-9890dd55d9f3","https://res.cloudinary.com/dyshhpbhf/image/upload/f_auto,q_auto,w_2000/velisqa/products/thqjb3s9qli2pu2gcdpb.png","Velisqa","Apparel & Accessories > Jewelry","Jewelry"
"397cf15e-141d-47cd-b255-9a5274e35ef5","Tulip Bracelet","Add a touch of elegance to your look with our bestselling Tulip Bracelet. Crafted with a premium gold-plated finish and dazzling stones, this bracelet is designed to complement every outfit effortlessly.  Whether you’re dressing up for a special occasion or adding a subtle sparkle to your daily style, the Tulip Bracelet is the perfect choice.  ✨ Premium Gold Finish ✨ Sparkling High-Quality Stones ✨ Lightweight & Comfortable ✨ Elegant Floral-Inspired Design ✨ Perfect for Gifting","in stock","new","399 INR","https://www.velisqa.com/product/397cf15e-141d-47cd-b255-9a5274e35ef5","https://res.cloudinary.com/dyshhpbhf/image/upload/f_auto,q_auto,w_2000/velisqa/products/kypxd0uncygdxwz5kjhi.png","Velisqa","Apparel & Accessories > Jewelry","Jewelry"
"70cc5ffe-6d8b-4ffd-8c78-f71a46bc155e","Rose Bloom Pendant Necklace","A timeless symbol of love and elegance  Add a touch of sophistication to your everyday style with this beautifully crafted Rose Bloom Pendant Necklace. Featuring a radiant ruby-red stone blossom paired with emerald-green leaves, this delicate floral design is perfect for gifting or elevating your own jewelry collection.  ⸻","in stock","new","294 INR","https://www.velisqa.com/product/70cc5ffe-6d8b-4ffd-8c78-f71a46bc155e","https://res.cloudinary.com/dyshhpbhf/image/upload/f_auto,q_auto,w_2000/velisqa/products/qtmtay9ppd7f8bfpsebs.png","Velisqa","Apparel & Accessories > Jewelry","Jewelry"
"4fd93065-9e11-4345-a4f8-de07b641a59f","Rose Bloom Pendant Necklace","A timeless symbol of love and elegance  Add a touch of sophistication to your everyday style with this beautifully crafted Rose Bloom Pendant Necklace. Featuring a radiant ruby-red stone blossom paired with emerald-green leaves, this delicate floral design is perfect for gifting or elevating your own jewelry collection.  ⸻","in stock","new","294 INR","https://www.velisqa.com/product/4fd93065-9e11-4345-a4f8-de07b641a59f","https://res.cloudinary.com/dyshhpbhf/image/upload/f_auto,q_auto,w_2000/velisqa/products/xdrm8dln7dypbuvm8pq2.png","Velisqa","Apparel & Accessories > Jewelry","Jewelry"
"fde0909f-0a3a-42ae-8c2a-7b27ca49a556","Rose Bloom Pendant Necklace","✨ A timeless symbol of love and elegance  Add a touch of sophistication to your everyday style with this beautifully crafted Rose Bloom Pendant Necklace. Featuring a radiant ruby-red stone blossom paired with emerald-green leaves, this delicate floral design is perfect for gifting or elevating your own jewelry collection.  ⸻","in stock","new","294 INR","https://www.velisqa.com/product/fde0909f-0a3a-42ae-8c2a-7b27ca49a556","https://res.cloudinary.com/dyshhpbhf/image/upload/f_auto,q_auto,w_2000/velisqa/products/cb5du5tqiane92reqv0p.png","Velisqa","Apparel & Accessories > Jewelry","Jewelry"
"68ef6ebb-4579-4741-b354-32575c889584","Tulip bracelet","Crafted with premium precision-cut crystals and a polished gold finish, the Blush Vine Bracelet blends delicate artistry with modern elegance. The flowing vine-inspired silhouette wraps beautifully around the wrist, creating a graceful luxury look perfect for special occasions and elevated everyday styling.  Product Details  * Product Type: Statement Bracelet * Design: Vine-Inspired Crystal Bracelet * Stone Shapes: Oval Cut & Marquise Cut * Material: Premium stainless steel alloy * Stone: AAA-grade cubic zirconia * Finish: 18K gold-plated high polish * Color: Gold with Blush Pink & Crystal White stones * Closure Type: Premium Lock Clasp * Style: Feminine Luxury / Romantic Elegant * Skin Friendly: Yes * Tarnish Resistant: Yes * Lightweight Yet Durable: Comfortable for long wear","in stock","new","549 INR","https://www.velisqa.com/product/68ef6ebb-4579-4741-b354-32575c889584","https://res.cloudinary.com/dyshhpbhf/image/upload/f_auto,q_auto,w_2000/velisqa/products/jcee4eym846z1jzvapx7.png","Velisqa","Apparel & Accessories > Jewelry","Jewelry"
"1281d7cf-4f94-4b8c-b55e-f8cfa2bc2e7f","Opal Bloom Studs","Crafted with luminous opal-inspired crystals and a polished silver-tone finish, the Opal Bloom Studs combine delicate floral beauty with modern luxury styling. Lightweight yet eye-catching, these earrings add effortless sophistication without feeling heavy or excessive.  Product Details  * Product Type: Stud Earrings * Design: Floral / Four-Petal Bloom * Stone Shape: Marquise Cut * Material: Premium stainless steel alloy * Stone: AAA-grade opal-finish cubic zirconia * Finish: High-polish silver plating * Color: Silver & Soft Opal White * Closure Type: Push Back Closure * Style: Feminine Luxury / Elegant Minimal * Skin Friendly: Yes * Tarnish Resistant: Yes * Lightweight & Comfortable: Perfect for daily wear","in stock","new","340 INR","https://www.velisqa.com/product/1281d7cf-4f94-4b8c-b55e-f8cfa2bc2e7f","https://vfvgmfgrkrefsrxchdxx.supabase.co/storage/v1/object/public/product-images/products/262dfa6a-35b3-4e65-8d79-392cd49ccb44/1779565226027-d0f9dff2-9a1e-4ec2-ac17-4d8bdb5b29c6.webp","Velisqa","Apparel & Accessories > Jewelry","Jewelry"
"1fccabe9-2406-432c-800b-bf1006abe45e","Celestelle Charm Bracelet","Crafted with a sleek gold-tone finish and fine link chain, the Celestelle Charm Bracelet blends colorful sparkle with delicate detailing for a premium designer-inspired look. The butterfly motifs symbolize freedom, beauty, and transformation, making this piece feel both meaningful and stylish.  Product Details  * Product Type: Charm Bracelet * Design: Butterfly & Multicolor Crystal Charm * Material: Premium stainless steel alloy * Stone: AAA-grade colored cubic zirconia * Finish: 18K gold-plated high polish * Color: Gold with Blue, Pink, Green & Crystal White accents * Chain Type: Fine Link Chain * Closure Type: Lobster Clasp * Adjustable Chain: Yes * Style: Feminine Luxury / Delicate Elegant * Skin Friendly: Yes * Tarnish Resistant: Yes * Lightweight & Comfortable: Perfect for daily wear","out of stock","new","529 INR","https://www.velisqa.com/product/1fccabe9-2406-432c-800b-bf1006abe45e","https://vfvgmfgrkrefsrxchdxx.supabase.co/storage/v1/object/public/product-images/products/262dfa6a-35b3-4e65-8d79-392cd49ccb44/1779565062537-e66249b6-9c60-4f0d-bc02-69610fa61b04.webp","Velisqa","Apparel & Accessories > Jewelry","Jewelry"
"2c57e3c5-c7ff-47fc-8de1-bcd178aa818c","Obsidian Royale Bracelet","Designed with a bold geometric silhouette and polished gold-tone finish, the Obsidian Royale Bracelet delivers a high-end luxury feel without excessive detailing. The black centerpiece reflects confidence and elegance, making it perfect for both solo styling and stacked luxury looks.  Product Details  * Product Type: Statement Bracelet * Design: Cuban Link Bracelet with Emerald-Cut Centerpiece * Material: Premium stainless steel alloy * Center Stone: AAA-grade black cubic zirconia * Accent Stones: Micro crystal detailing * Finish: 18K gold-plated high polish * Color: Gold & Midnight Black * Chain Type: Cuban Link Chain * Closure Type: Lobster Clasp * Adjustable Chain: Yes * Style: Luxury Statement / Modern Royal Aesthetic * Skin Friendly: Yes * Tarnish Resistant: Yes * Lightweight Yet Durable: Built for premium daily wear","in stock","new","600 INR","https://www.velisqa.com/product/2c57e3c5-c7ff-47fc-8de1-bcd178aa818c","https://res.cloudinary.com/dyshhpbhf/image/upload/f_auto,q_auto,w_2000/velisqa/products/cogdp9ewg3rmua8de98z.png","Velisqa","Apparel & Accessories > Jewelry","Jewelry"
"a6492698-d231-40c9-93c7-49a97d7abb4a","Clovera Shine Necklace","Crafted with precision-cut AAA crystals and a sleek silver finish, the Clovera Shine Necklace reflects light beautifully from every angle. The graceful clover-inspired pendant symbolizes beauty, luck, and positivity while maintaining a clean luxury aesthetic loved in modern jewelry trends.  Product Details  * Product Type: Pendant Necklace * Pendant Design: Four-Petal Clover / Floral * Chain Type: Delicate Link Chain * Material: Premium stainless steel alloy * Stone: AAA-grade cubic zirconia * Finish: High-polish silver plating * Color: Silver & Crystal White * Closure Type: Lobster Clasp * Adjustable Chain: Yes * Style: Feminine Luxury / Minimal Elegant * Skin Friendly: Yes * Tarnish Resistant: Yes * Lightweight & Comfortable: Suitable for daily wear","in stock","new","549 INR","https://www.velisqa.com/product/a6492698-d231-40c9-93c7-49a97d7abb4a","https://res.cloudinary.com/dyshhpbhf/image/upload/f_auto,q_auto,w_2000/velisqa/products/ualm1ica8ifilx56rh6p.png","Velisqa","Apparel & Accessories > Jewelry","Jewelry"
"aa9b3dd9-017b-4066-aa87-5805cb1d45f5","Amora Heart Bracelet","Crafted with a sleek silver-tone finish and refined detailing, the Amora Heart Bracelet symbolizes love, softness, and timeless beauty. The adjustable chain ensures a comfortable fit, while the heart charm adds a delicate romantic touch inspired by modern minimalist jewelry trends.  Product Details  * Product Type: Chain Bracelet * Design: Minimal Heart Charm * Material: Premium stainless steel alloy * Finish: High-polish silver plating * Color: Silver * Chain Type: Delicate Link Chain * Closure Type: Lobster Clasp * Adjustable Chain: Yes * Style: Minimal Luxury / Romantic Elegant * Skin Friendly: Yes * Tarnish Resistant: Yes * Lightweight & Comfortable: Perfect for daily wear","in stock","new","569 INR","https://www.velisqa.com/product/aa9b3dd9-017b-4066-aa87-5805cb1d45f5","https://res.cloudinary.com/dyshhpbhf/image/upload/f_auto,q_auto,w_2000/velisqa/products/gn1suv7dw4onv1hkxycq.png","Velisqa","Apparel & Accessories > Jewelry","Jewelry"
"4967ebaa-266c-4e80-a38e-1cf6948d7f50","Luna Bloom Earrings","Crafted with smooth high-shine detailing and soft pearl-like petals, the Luna Bloom Earrings reflect elegance without looking overdone. The long-drop design adds movement and sophistication, while the floral centerpiece gives a romantic luxury feel inspired by modern designer jewelry aesthetics.  Product Details  * Product Type: Drop Earrings * Design: Floral Drop Style * Material: Premium stainless steel alloy * Stone Type: Pearl-finish stones & AAA cubic zirconia * Finish: High-polish silver plating * Color: Silver & Soft Pearl White * Style: Elegant / Feminine Luxury * Closure Type: Push Back Closure * Skin Friendly: Yes * Tarnish Resistant: Yes * Lightweight & Comfortable: Suitable for long wear","in stock","new","389 INR","https://www.velisqa.com/product/4967ebaa-266c-4e80-a38e-1cf6948d7f50","https://vfvgmfgrkrefsrxchdxx.supabase.co/storage/v1/object/public/product-images/products/262dfa6a-35b3-4e65-8d79-392cd49ccb44/1779564416915-2627f6a8-7d85-4cc0-99e2-19cd894f28f2.webp","Velisqa","Apparel & Accessories > Jewelry","Jewelry"
"8c365987-497b-4112-a119-7e872d2f82c9","Aurora Tennis Bracelet","Crafted with precision-cut AAA-grade crystals and a polished silver finish, the Aurora Tennis Bracelet combines delicate femininity with luxury detailing. The adjustable chain ensures a comfortable fit, while the minimalist design makes it perfect for stacking or wearing solo.  Product Details  * Product Type: Tennis Bracelet * Stone Shape: Emerald Cut / Rectangular Cut * Material: Premium stainless steel alloy * Stone: AAA-grade cubic zirconia * Finish: High-polish silver plating * Color: Silver & Crystal White * Closure Type: Lobster Clasp * Adjustable Chain: Yes * Style: Minimal Luxury / Elegant * Skin Friendly: Yes * Tarnish Resistant: Yes * Lightweight & Comfortable: Made for daily wear","in stock","new","590 INR","https://www.velisqa.com/product/8c365987-497b-4112-a119-7e872d2f82c9","https://res.cloudinary.com/dyshhpbhf/image/upload/v1786691364/velisqa/products/qciaax94eobisslcwyhv.png","Velisqa","Apparel & Accessories > Jewelry","Jewelry"
"f76fe217-db67-43cf-a7e4-fba11ea820a6","Aurelia Solitaire Ring","Designed with a classic four-prong setting, the Aurelia Solitaire Ring highlights the brilliance of the center stone while maintaining a soft, minimal luxury feel. The polished gold finish paired with the sparkling crystal creates a premium high-end look without excessive detailing.  Product Details  * Product Type: Solitaire Ring * Stone Shape: Round Cut * Setting Type: Four-Prong Setting * Material: Premium stainless steel alloy * Stone: AAA-grade cubic zirconia * Finish: 18K gold-plated mirror polish * Color: Gold & Crystal White * Style: Minimal Luxury / Classic Elegant * Skin Friendly: Yes * Tarnish Resistant: Yes * Lightweight & Comfortable: Made for daily wear","in stock","new","430 INR","https://www.velisqa.com/product/f76fe217-db67-43cf-a7e4-fba11ea820a6","https://res.cloudinary.com/dyshhpbhf/image/upload/f_auto,q_auto,w_2000/velisqa/products/xcz0x5ph6atwmaouyynj.png","Velisqa","Apparel & Accessories > Jewelry","Jewelry"
"aefff4c4-d09a-4fdc-aded-72f482a1b65f","Celestia Trinity Ring","Crafted with a sleek silver-tone finish and high-clarity stones, the Celestia Trinity Ring reflects light beautifully from every angle. Its delicate yet premium design gives a high-end diamond-inspired aesthetic while remaining lightweight and comfortable for daily wear.  Product Details  * Product Type: Statement Ring * Design: Three-Stone Ring * Center Stone Shape: Princess Cut * Side Stone Shape: Pear Cut * Material: Premium stainless steel alloy * Stone: AAA-grade cubic zirconia * Finish: High-polish silver plating * Color: Silver & Crystal White * Style: Elegant / Minimal Luxury * Skin Friendly: Yes * Tarnish Resistant: Yes * Lightweight & Comfortable: Suitable for daily wear","in stock","new","442 INR","https://www.velisqa.com/product/aefff4c4-d09a-4fdc-aded-72f482a1b65f","https://res.cloudinary.com/dyshhpbhf/image/upload/f_auto,q_auto,w_2000/velisqa/products/wmufvv9scdyjmqw0rb1t.png","Velisqa","Apparel & Accessories > Jewelry","Jewelry"
"92eda168-7429-4ef3-aa45-1977014224bb","Sapphire Noir Necklace","Crafted for women who love statement elegance without excessive shine, the Sapphire Noir Necklace blends luxury detailing with a clean, modern silhouette. The deep midnight-blue stones paired with polished silver accents create a high-end look perfect for evening wear, special occasions, or elevated everyday styling.  Product Details  * Product Type: Pendant Necklace * Pendant Design: Dual Stone Drop Pendant * Stone Shape: Princess Cut & Round Cut * Chain Type: Premium Snake Chain * Material: High-quality stainless steel alloy * Stone: AAA-grade sapphire-blue cubic zirconia * Finish: Silver-plated mirror polish * Color: Silver & Royal Midnight Blue * Closure Type: Lobster Clasp * Adjustable Chain: Yes * Skin Friendly: Yes * Tarnish Resistant: Yes * Lightweight & Comfortable: Made for long wear","in stock","new","599 INR","https://www.velisqa.com/product/92eda168-7429-4ef3-aa45-1977014224bb","https://res.cloudinary.com/dyshhpbhf/image/upload/f_auto,q_auto,w_2000/velisqa/products/trtv3j38ccsvswzju4ez.png","Velisqa","Apparel & Accessories > Jewelry","Jewelry"
"0e8d6b33-9bcd-42f6-afe3-d64b96b5f030","Golden Radiance Necklace","Crafted for lovers of minimal elegance, this pendant necklace combines a radiant crystal centerpiece with a durable gold-tone finish for a jewelry piece that feels both delicate and powerful. Its lightweight design makes it comfortable for all-day wear, while the sparkling rectangular stone catches light beautifully from every angle.  Product Details  * Product Type: Pendant Necklace * Pendant Shape: Emerald Cut / Rectangular Cut * Chain Type: Snake Chain * Material: Premium stainless steel alloy * Stone: AAA-grade cubic zirconia * Finish: 18K gold-plated high polish * Color: Gold & Crystal White * Closure Type: Lobster Clasp * Adjustable Chain: Yes * Skin Friendly: Yes * Tarnish Resistant: Yes * Style: Minimal Luxury / Elegant Everyday Wear","in stock","new","449 INR","https://www.velisqa.com/product/0e8d6b33-9bcd-42f6-afe3-d64b96b5f030","https://res.cloudinary.com/dyshhpbhf/image/upload/f_auto,q_auto,w_2000/velisqa/products/atljvyryvvtb5gw2ldqe.png","Velisqa","Apparel & Accessories > Jewelry","Jewelry"
"327bbfff-8f6a-49a0-8848-2ae7e006ffa8","Midnight Aura Pendant Necklace","Bold yet minimal, the Midnight Aura Pendant Necklace is crafted for those who love understated luxury with a dark edge. Featuring a deep black round-cut stone set in a sleek silver-tone four-prong setting, this piece delivers a clean, premium aesthetic that instantly elevates any outfit.","in stock","new","489 INR","https://www.velisqa.com/product/327bbfff-8f6a-49a0-8848-2ae7e006ffa8","https://res.cloudinary.com/dyshhpbhf/image/upload/f_auto,q_auto,w_2000/velisqa/products/hxokhkzqd9snqtpgvrb6.png","Velisqa","Apparel & Accessories > Jewelry","Jewelry"
"104f9c30-2564-414b-801c-e933c83d1247","Crystal Drop Pendant Necklace","Delicate, elegant, and effortlessly luxurious — the Crystal Drop Pendant Necklace is designed to bring timeless sparkle to your jewelry collection. Featuring a premium pear-cut stone suspended on a sleek silver-tone snake chain, this necklace delivers a clean luxury aesthetic perfect for everyday elegance and special occasions alike.","in stock","new","469 INR","https://www.velisqa.com/product/104f9c30-2564-414b-801c-e933c83d1247","https://res.cloudinary.com/dyshhpbhf/image/upload/f_auto,q_auto,w_2000/velisqa/products/nqujugeoysdzdjv5ewnk.png","Velisqa","Apparel & Accessories > Jewelry","Jewelry"
"aa3c48fd-63c7-4987-8b3b-491524ede482","Velisqa Astra Pendant","Product Details  * Product Type: Pendant Necklace * Pendant Shape: Princess Cut / Square Cut * Chain Type: Snake Chain * Material: High-quality stainless steel alloy * Stone: Premium AAA cubic zirconia * Finish: Silver-plated mirror polish * Color: Silver & Crystal White * Style: Minimal Luxury / Elegant * Closure Type: Lobster Clasp * Skin Friendly: Yes * Tarnish Resistant: Yes * Lightweight & Comfortable: Designed for daily wear","in stock","new","454 INR","https://www.velisqa.com/product/aa3c48fd-63c7-4987-8b3b-491524ede482","https://res.cloudinary.com/dyshhpbhf/image/upload/f_auto,q_auto,w_2000/velisqa/products/lrizsq8mqmqjmb3zbgc0.png","Velisqa","Apparel & Accessories > Jewelry","Jewelry"
"72a78387-6f12-4fae-b744-ee3541a31fc4","Aurelia Bloom Pendant","Delicate, graceful, and timeless — the Aurelia Bloom Pendant is crafted to capture the beauty of blooming elegance. Designed with sparkling marquise-cut stones arranged in a floral silhouette, this pendant radiates sophistication with every shine. The luxurious gold finish adds a touch of warmth and femininity, making it the perfect accessory for both everyday elegance and special occasions.  Whether styled solo or layered, this pendant is made for women who carry confidence effortlessly.  ✨ Premium Gold Finish ✨ Floral-Inspired Luxury Design ✨ High-Quality Sparkling Stones ✨ Lightweight & Elegant for Daily Wear ✨ Perfect for Gifting & Special Occasions","in stock","new","449 INR","https://www.velisqa.com/product/72a78387-6f12-4fae-b744-ee3541a31fc4","https://res.cloudinary.com/dyshhpbhf/image/upload/f_auto,q_auto,w_2000/velisqa/products/fbr84r8sjvb8izyi1tzh.png","Velisqa","Apparel & Accessories > Jewelry","Jewelry"
"9983ac6f-0c4b-4a34-b7e7-3263a92902c5","Minimal Hoop Earrings","Medium hoop with a polished edge and click-lock closure — wardrobe essential for work and weekends. Tarnish-resistant plating; avoid perfume direct contact.","in stock","new","399 INR","https://www.velisqa.com/product/9983ac6f-0c4b-4a34-b7e7-3263a92902c5","https://vfvgmfgrkrefsrxchdxx.supabase.co/storage/v1/object/public/product-images/products/262dfa6a-35b3-4e65-8d79-392cd49ccb44/1779342002673-f463967f-a19a-4a60-8e2d-d4e6dde34272.webp","Velisqa","Apparel & Accessories > Jewelry","Jewelry"
"4053085d-e3e5-42a7-85d4-11b8b3fef634","Artisan Threader Earrings","Threader-style earrings with a linear silhouette — modern, airy, and ideal for contemporary sarees and Indo-western looks. Easy to sanitise and re-thread after events.","in stock","new","299 INR","https://www.velisqa.com/product/4053085d-e3e5-42a7-85d4-11b8b3fef634","https://vfvgmfgrkrefsrxchdxx.supabase.co/storage/v1/object/public/product-images/products/262dfa6a-35b3-4e65-8d79-392cd49ccb44/1779342001236-c6749598-93ec-4057-8838-44680ab92969.webp","Velisqa","Apparel & Accessories > Jewelry","Jewelry"
"a32d3316-8c39-4df0-bddd-9eb080967160","Celestial Pearl Drops","Pearl-drop earrings with a celestial top motif — bridal-friendly and photogenic under warm venue lighting. Store separately to avoid scratches on the pearl finish.","in stock","new","369 INR","https://www.velisqa.com/product/a32d3316-8c39-4df0-bddd-9eb080967160","https://vfvgmfgrkrefsrxchdxx.supabase.co/storage/v1/object/public/product-images/products/262dfa6a-35b3-4e65-8d79-392cd49ccb44/1779342000487-b3083a17-9ffd-4b00-9bc1-e7e29dfab957.webp","Velisqa","Apparel & Accessories > Jewelry","Jewelry"
"d4fe01bb-a9f2-408e-9d1b-5eb5a6a352f9","Sunlit Jhumka Earrings","Traditional jhumka form with a lighter build for long hours — festive sound and movement without excessive weight. Gold-tone suitable for yellow and maroon ethnic palettes.","in stock","new","299 INR","https://www.velisqa.com/product/d4fe01bb-a9f2-408e-9d1b-5eb5a6a352f9","https://vfvgmfgrkrefsrxchdxx.supabase.co/storage/v1/object/public/product-images/products/262dfa6a-35b3-4e65-8d79-392cd49ccb44/1779341999645-3913715c-a62b-48e9-bb85-e14f604462ac.webp","Velisqa","Apparel & Accessories > Jewelry","Jewelry"
"8ee57692-37c4-4c84-b44d-eb99048b44f2","Velisqa Halo Studs","Compact halo studs that add light around the face without pulling the earlobe. Everyday wear with cotton and linen; also works as a second piercing stack.","in stock","new","299 INR","https://www.velisqa.com/product/8ee57692-37c4-4c84-b44d-eb99048b44f2","https://vfvgmfgrkrefsrxchdxx.supabase.co/storage/v1/object/public/product-images/products/262dfa6a-35b3-4e65-8d79-392cd49ccb44/1779341999049-c54ae933-490b-482f-bff2-640d7cfb5b6e.webp","Velisqa","Apparel & Accessories > Jewelry","Jewelry"
"1549cf58-8cab-47e3-af09-8c10a2bd6ccb","Aethelgard Drop Earrings","Graceful drop earrings with balanced swing and secure push-back closures. Flattering for round and oval face shapes; popular for mehendi and cocktail events.","out of stock","new","397 INR","https://www.velisqa.com/product/1549cf58-8cab-47e3-af09-8c10a2bd6ccb","https://vfvgmfgrkrefsrxchdxx.supabase.co/storage/v1/object/public/product-images/products/262dfa6a-35b3-4e65-8d79-392cd49ccb44/1779341998371-6236da00-b256-4b48-9d8f-86336e262f55.webp","Velisqa","Apparel & Accessories > Jewelry","Jewelry"
"b0911b14-8340-45cd-bfb4-63562b9f6043","Imperial Cocktail Ring","Large-format cocktail ring with multi-stone layout and a raised setting for maximum presence. Limited stock — ideal for sangeet, reception, and editorial styling. Inspect with delivery partner on receipt.","in stock","new","699 INR","https://www.velisqa.com/product/b0911b14-8340-45cd-bfb4-63562b9f6043","https://res.cloudinary.com/dyshhpbhf/image/upload/f_auto,q_auto,w_2000/velisqa/products/cfhavpe6li3mnggg3oyv.png","Velisqa","Apparel & Accessories > Jewelry","Jewelry"
"fbcf554c-22eb-436d-8161-a5274cc8cb62","Vintage Crown Ring","Vintage-inspired crown shoulders with milgrain edges — heirloom aesthetic in premium artificial finish. Pairs with Aurelia and Regalia necklaces for coordinated bridal sets.","in stock","new","419 INR","https://www.velisqa.com/product/fbcf554c-22eb-436d-8161-a5274cc8cb62","https://res.cloudinary.com/dyshhpbhf/image/upload/f_auto,q_auto,w_2000/velisqa/products/cbazjt8rf4xdutmkamft.png","Velisqa","Apparel & Accessories > Jewelry","Jewelry"
"040078e2-d4ca-4009-bfa5-2d50c2cbe7ae","Ruby Sovereign Ring","Bold oval ruby-tone centrepiece with a coronet setting — designed for statement looks and festive outfits. Comfortable gallery height so it does not snag on dupattas.","in stock","new","419 INR","https://www.velisqa.com/product/040078e2-d4ca-4009-bfa5-2d50c2cbe7ae","https://res.cloudinary.com/dyshhpbhf/image/upload/f_auto,q_auto,w_2000/velisqa/products/m0vuyormoy4zkdmnthl8.png","Velisqa","Apparel & Accessories > Jewelry","Jewelry"
"50d1c011-1570-41bf-b362-0eff75fa8eb7","Solitaire Glow Ring","Classic solitaire-inspired centre stone on a tapered band — engagement-photo friendly at an accessible price point. High table cut for maximum brilliance under indoor lighting.","out of stock","new","329 INR","https://www.velisqa.com/product/50d1c011-1570-41bf-b362-0eff75fa8eb7","https://vfvgmfgrkrefsrxchdxx.supabase.co/storage/v1/object/public/product-images/products/262dfa6a-35b3-4e65-8d79-392cd49ccb44/1779341995748-9dd28b4f-1b30-47db-94c8-a3bf594f2047.webp","Velisqa","Apparel & Accessories > Jewelry","Jewelry"
"e60fef1e-f188-4706-8e38-4f3dea444818","Luna Stackable Ring","Slim stackable ring with a soft curve and light stone accents. Wear three together for a bridal-meets-modern look or solo for minimal office style. Hypoallergenic alloy base.","in stock","new","1599 INR","https://www.velisqa.com/product/e60fef1e-f188-4706-8e38-4f3dea444818","https://vfvgmfgrkrefsrxchdxx.supabase.co/storage/v1/object/public/product-images/products/262dfa6a-35b3-4e65-8d79-392cd49ccb44/1779341995136-15886327-6aec-48f9-aa97-2a0668c21e00.webp","Velisqa","Apparel & Accessories > Jewelry","Jewelry"
"5bb9f44a-2799-453a-a102-3e7bc0ebc51d","Velisqa Petite Band Ring","Delicate band with micro pavé detailing — perfect as a daily stacker or pinky ring. Available feel in standard women’s sizes; message us on WhatsApp for size guidance before dispatch.","out of stock","new","419 INR","https://www.velisqa.com/product/5bb9f44a-2799-453a-a102-3e7bc0ebc51d","https://vfvgmfgrkrefsrxchdxx.supabase.co/storage/v1/object/public/product-images/products/262dfa6a-35b3-4e65-8d79-392cd49ccb44/1779341994459-afba5263-865d-4fee-94cd-981bbcd9090e.webp","Velisqa","Apparel & Accessories > Jewelry","Jewelry"
"79b14cb9-6bbf-46de-9fbb-0ef95aa6e63a","Minimal Arc Bracelet","Open arc bracelet with a brushed outer face and polished inner curve. Easy to slide on; ideal for stacking with cuffs. Suited for college events, brunches, and casual Fridays.","in stock","new","549 INR","https://www.velisqa.com/product/79b14cb9-6bbf-46de-9fbb-0ef95aa6e63a","https://vfvgmfgrkrefsrxchdxx.supabase.co/storage/v1/object/public/product-images/products/262dfa6a-35b3-4e65-8d79-392cd49ccb44/1779341993816-2f3fd1ee-b0c4-4c82-8628-c6b2ae65159d.webp","Velisqa","Apparel & Accessories > Jewelry","Jewelry"
"1014cdce-ee65-4f68-a82e-1a996d5a33af","Heritage Charm Bracelet","Charm bracelet with miniature motifs and a secure toggle closure — storytelling detail without loud colour. Gift-friendly packaging available on request via WhatsApp.","in stock","new","549 INR","https://www.velisqa.com/product/1014cdce-ee65-4f68-a82e-1a996d5a33af","https://vfvgmfgrkrefsrxchdxx.supabase.co/storage/v1/object/public/product-images/products/262dfa6a-35b3-4e65-8d79-392cd49ccb44/1779341993161-953bc9a1-0583-4cd0-8e51-42ff8b4f2ae7.webp","Velisqa","Apparel & Accessories > Jewelry","Jewelry"
"c6d45f0a-0c06-4220-9bd4-c68c9bf2c766","Pearl Line Bracelet","Elegant pearl-effect beads spaced along a fine chain — soft, feminine, and versatile for day to night. Complements pastel and ivory outfits. Store flat in the provided pouch to avoid kinks.","in stock","new","549 INR","https://www.velisqa.com/product/c6d45f0a-0c06-4220-9bd4-c68c9bf2c766","https://vfvgmfgrkrefsrxchdxx.supabase.co/storage/v1/object/public/product-images/products/262dfa6a-35b3-4e65-8d79-392cd49ccb44/1779341992258-58dbf0f1-cedc-4ffa-bc8a-bd809a9fc003.webp","Velisqa","Apparel & Accessories > Jewelry","Jewelry"
"31d4f228-1e59-4793-8798-4247110cb19b","Gilded Tennis Bracelet","Continuous line of handset stones in a tennis layout — high sparkle for receptions and photoshoots. Secure box clasp with safety latch. Layer two for a bridal wrist stack.","in stock","new","549 INR","https://www.velisqa.com/product/31d4f228-1e59-4793-8798-4247110cb19b","https://vfvgmfgrkrefsrxchdxx.supabase.co/storage/v1/object/public/product-images/products/262dfa6a-35b3-4e65-8d79-392cd49ccb44/1779341991587-b5bd7947-a6fd-4bbf-89e2-5f36824976aa.webp","Velisqa","Apparel & Accessories > Jewelry","Jewelry"
"fa970738-ee8a-442a-84bf-34bacf4ce8b3","Velisqa Classic Kada Bracelet","Traditional kada silhouette updated with a slimmer profile for modern dressing. Comfortable for long events and daily office wear. Pairs with rings and chain necklaces from the same collection.","in stock","new","399 INR","https://www.velisqa.com/product/fa970738-ee8a-442a-84bf-34bacf4ce8b3","https://vfvgmfgrkrefsrxchdxx.supabase.co/storage/v1/object/public/product-images/products/262dfa6a-35b3-4e65-8d79-392cd49ccb44/1779341991018-9a6d202b-5a27-44fa-a93c-e5af12f7701d.webp","Velisqa","Apparel & Accessories > Jewelry","Jewelry"
"b1d9ed25-2789-4429-b196-182c9ecafa9b","Obsidian Cuff Bracelet","Sculpted cuff bracelet with a deep metallic sheen and clean edges — reads as fine jewellery on camera. Flexible fit for most wrist sizes; stack with watches or thin bangles. Wipe dry after wear to preserve finish.","in stock","new","449 INR","https://www.velisqa.com/product/b1d9ed25-2789-4429-b196-182c9ecafa9b","https://vfvgmfgrkrefsrxchdxx.supabase.co/storage/v1/object/public/product-images/products/262dfa6a-35b3-4e65-8d79-392cd49ccb44/1779341990118-b541a97f-d2b5-4f5b-9ea7-c2c3c2c151b8.png","Velisqa","Apparel & Accessories > Jewelry","Jewelry"
"31e8a35c-b708-40d3-b894-a186e629ebdb","Solstice Choker Necklace","Close-fitting choker with art-deco inspired geometry and a champagne-gold tone. Elevates simple outfits instantly — style with open hair and bold earrings. Includes extension-friendly clasp for comfortable fit.","in stock","new","519 INR","https://www.velisqa.com/product/31e8a35c-b708-40d3-b894-a186e629ebdb","https://res.cloudinary.com/dyshhpbhf/image/upload/f_auto,q_auto,w_2000/velisqa/products/moeqviqkeutx96sdkvcd.png","Velisqa","Apparel & Accessories > Jewelry","Jewelry"
"7adc17a6-49fd-4820-9981-bd78c1e13650","Regalia Collar Necklace","Broad collar-style necklace that frames the neckline like bespoke bridal jewellery. Rich detailing with a balanced weight distribution so it sits flat on the skin. Perfect for sarees, lehengas, and structured blazers.","in stock","new","519 INR","https://www.velisqa.com/product/7adc17a6-49fd-4820-9981-bd78c1e13650","https://res.cloudinary.com/dyshhpbhf/image/upload/f_auto,q_auto,w_2000/velisqa/products/gax2eqmdlnivvfuqz5ti.png","Velisqa","Apparel & Accessories > Jewelry","Jewelry"
"ae5d2461-9411-4a11-8155-cc25bbdfc933","Celeste Pendant Necklace","Statement pendant on a fine chain with crystal accents that catch light beautifully in photos and live events. A go-to piece for festive dinners and mehendi functions. Adjustable length friendly for different necklines.","in stock","new","499 INR","https://www.velisqa.com/product/ae5d2461-9411-4a11-8155-cc25bbdfc933","https://res.cloudinary.com/dyshhpbhf/image/upload/f_auto,q_auto,w_2000/velisqa/products/nw02ofhornyx2d2unkgp.png","Velisqa","Apparel & Accessories > Jewelry","Jewelry"
"0e22cdb3-659d-4445-bd72-780cc6023bcd","Velisqa Lustre Chain Necklace","Sleek chain necklace with polished links and a subtle centre focus — everyday luxury without heaviness. Works with kurtas, co-ords, and western necklines. Anti-tarnish coating for regular wear in humid weather.","in stock","new","399 INR","https://www.velisqa.com/product/0e22cdb3-659d-4445-bd72-780cc6023bcd","https://res.cloudinary.com/dyshhpbhf/image/upload/f_auto,q_auto,w_2000/velisqa/products/skan97aaye2bwvfrg1ko.png","Velisqa","Apparel & Accessories > Jewelry","Jewelry"
"60c22808-a1cd-4378-8bbc-e0ef859b13e1","Aurelia Layered Necklace","A refined multi-layer artificial necklace with a soft gold finish and delicate spacing between tiers. Ideal for weddings, receptions, and evening wear in Aligarh. Lightweight for all-day comfort; pair with sweetheart or boat-neck blouses.","in stock","new","499 INR","https://www.velisqa.com/product/60c22808-a1cd-4378-8bbc-e0ef859b13e1","https://res.cloudinary.com/dyshhpbhf/image/upload/v1786661951/velisqa/products/x2spwswfwg3md0zpqirx.png","Velisqa","Apparel & Accessories > Jewelry","Jewelry"
"f2c0be4e-cdfb-49ab-a9ff-9f8a91c42522","Celestia Vine Bracelet","The Celestia Vine Bracelet is crafted to reflect timeless elegance with a modern touch. Designed with shimmering lavender crystals set in a graceful vine-inspired silver frame, this piece adds effortless luxury to every look. Its soft violet sparkle and refined detailing make it perfect for both everyday elegance and special occasions.  Lightweight yet luxurious, Celestia Vine is more than jewellery — it’s a statement of grace, confidence, and modern femininity.","in stock","new","449 INR","https://www.velisqa.com/product/f2c0be4e-cdfb-49ab-a9ff-9f8a91c42522","https://vfvgmfgrkrefsrxchdxx.supabase.co/storage/v1/object/public/product-images/products/262dfa6a-35b3-4e65-8d79-392cd49ccb44/1779339714714-d73ad778-7601-4784-8537-df02202fca27.png","Velisqa","Apparel & Accessories > Jewelry","Jewelry"